name,genre,trailer,poster
"The Shawshank Redemption","Drama","https://www.youtube.com/watch?v=xyXX8LXiNJ4","https://m.media-amazon.com/images/M/MV5BMDAyY2FhYjctNDc5OS00MDNlLThiMGUtY2UxYWVkNGY2ZjljXkEyXkFqcGc@._V1_.jpg"
"The Godfather","Crime,Drama","https://www.youtube.com/watch?v=8V2k2YQEQJ4","https://m.media-amazon.com/images/M/MV5BNGEwYjgwOGQtYjg5ZS00Njc1LTk2ZGEtM2QwZWQ2NjdhZTE5XkEyXkFqcGc@._V1_.jpg"
"The Dark Knight","Action,Crime,Drama","https://www.youtube.com/watch?v=kmJLuwP3MbY","https://m.media-amazon.com/images/M/MV5BMTMxNTMwODM0NF5BMl5BanBnXkFtZTcwODAyMTk2Mw@@._V1_.jpg"
"The Godfather Part II","Crime,Drama","https://www.youtube.com/watch?v=9O1Iy9od7-A","https://m.media-amazon.com/images/M/MV5BNzc1OWY5MjktZDllMi00ZDEzLWEwMGItYjk1YmRhYjBjNTVlXkEyXkFqcGc@._V1_.jpg"
"12 Angry Men","Crime,Drama","https://www.youtube.com/watch?v=TEN-2uTi2c0","https://m.media-amazon.com/images/M/MV5BYjE4NzdmOTYtYjc5Yi00YzBiLWEzNDEtNTgxZGQ2MWVkN2NiXkEyXkFqcGc@._V1_.jpg"
"The Lord of the Rings: The Return of the King","Adventure,Drama,Fantasy","https://www.youtube.com/watch?v=zckJCxYxn1g","https://m.media-amazon.com/images/M/MV5BMTZkMjBjNWMtZGI5OC00MGU0LTk4ZTItODg2NWM3NTVmNWQ4XkEyXkFqcGc@._V1_.jpg"
"Schindler's List","Biography,Drama,History","https://www.youtube.com/watch?v=kXYcYhckXD8","https://m.media-amazon.com/images/M/MV5BNjM1ZDQxYWUtMzQyZS00MTE1LWJmZGYtNGUyNTdlYjM3ZmVmXkEyXkFqcGc@._V1_.jpg"
"Pulp Fiction","Crime,Drama","https://www.youtube.com/watch?v=tGpTpVyI_OQ","https://m.media-amazon.com/images/M/MV5BYTViYTE3ZGQtNDBlMC00ZTAyLTkyODMtZGRiZDg0MjA2YThkXkEyXkFqcGc@._V1_.jpg"
"The Lord of the Rings: The Fellowship of the Ring","Adventure,Drama,Fantasy","https://www.youtube.com/watch?v=_nZdmwHrcnw","https://m.media-amazon.com/images/M/MV5BNzIxMDQ2YTctNDY4MC00ZTRhLTk4ODQtMTVlOWY4NTdiYmMwXkEyXkFqcGc@._V1_.jpg"
"The Good, the Bad and the Ugly","Adventure,Western","https://www.youtube.com/watch?v=3VQjSSB78es","https://m.media-amazon.com/images/M/MV5BMWM5ZjQxM2YtNDlmYi00ZDNhLWI4MWUtN2VkYjBlMTY1ZTkwXkEyXkFqcGc@._V1_.jpg"
"Forrest Gump","Drama,Romance","https://www.youtube.com/watch?v=Mj9IA9tTfio","https://m.media-amazon.com/images/M/MV5BNDYwNzVjMTItZmU5YS00YjQ5LTljYjgtMjY2NDVmYWMyNWFmXkEyXkFqcGc@._V1_.jpg"
"The Lord of the Rings: The Two Towers","Adventure,Drama,Fantasy","https://www.youtube.com/watch?v=nuTU5XcZTLA","https://m.media-amazon.com/images/M/MV5BMGQxMDdiOWUtYjc1Ni00YzM1LWE2NjMtZTg3Y2JkMjEzMTJjXkEyXkFqcGc@._V1_.jpg"
"Fight Club","Crime,Drama,Thriller","https://www.youtube.com/watch?v=BdJKm16Co6M","https://m.media-amazon.com/images/M/MV5BOTgyOGQ1NDItNGU3Ny00MjU3LTg2YWEtNmEyYjBiMjI1Y2M5XkEyXkFqcGc@._V1_.jpg"
"Inception","Action,Adventure,Sci-Fi","https://www.youtube.com/watch?v=Jvurpf91omw","https://m.media-amazon.com/images/M/MV5BMjAxMzY3NjcxNF5BMl5BanBnXkFtZTcwNTI5OTM0Mw@@._V1_.jpg"
"Star Wars: Episode V - The Empire Strikes Back","Action,Adventure,Fantasy","https://www.youtube.com/watch?v=JNwNXF9Y6kY","https://m.media-amazon.com/images/M/MV5BMTkxNGFlNDktZmJkNC00MDdhLTg0MTEtZjZiYWI3MGE5NWIwXkEyXkFqcGc@._V1_.jpg"
"The Matrix","Action,Sci-Fi","https://www.youtube.com/watch?v=nUEQNVV3Gfs","https://m.media-amazon.com/images/M/MV5BN2NmN2VhMTQtMDNiOS00NDlhLTliMjgtODE2ZTY0ODQyNDRhXkEyXkFqcGc@._V1_.jpg"
"Goodfellas","Biography,Crime,Drama","https://www.youtube.com/watch?v=qWhS8Pjf-9c","https://m.media-amazon.com/images/M/MV5BN2E5NzI2ZGMtY2VjNi00YTRjLWI1MDUtZGY5OWU1MWJjZjRjXkEyXkFqcGc@._V1_.jpg"
"One Flew Over the Cuckoo's Nest","Drama","https://www.youtube.com/watch?v=NWZXL_anruA","https://m.media-amazon.com/images/M/MV5BYjBkMjgzMzYtNzRiMS00NDc3LWE4YTUtZjYxYjZhNjNhYzhhXkEyXkFqcGc@._V1_.jpg"
"Interstellar","Adventure,Drama,Sci-Fi","https://www.youtube.com/watch?v=827FNDpQWrQ","https://m.media-amazon.com/images/M/MV5BYzdjMDAxZGItMjI2My00ODA1LTlkNzItOWFjMDU5ZDJlYWY3XkEyXkFqcGc@._V1_.jpg"
"Se7en","Crime,Drama,Mystery","https://www.youtube.com/watch?v=UKgMoL2JQ0I","https://m.media-amazon.com/images/M/MV5BY2IzNzMxZjctZjUxZi00YzAxLTk3ZjMtODFjODdhMDU5NDM1XkEyXkFqcGc@._V1_.jpg"
"It's a Wonderful Life","Drama,Family,Fantasy","https://www.youtube.com/watch?v=kWumEBO97l4","https://m.media-amazon.com/images/M/MV5BMDM4OWFhYjEtNTE5Yy00NjcyLTg5N2UtZDQwNDZlYjlmNDU5XkEyXkFqcGc@._V1_.jpg"
"Seven Samurai","Action,Drama","https://www.youtube.com/watch?v=fRUsjrkGs_A","https://m.media-amazon.com/images/M/MV5BZjliMWExOTMtZDQ3ZS00NWU3LWIyN2EtMjllNzk3ZTNlYzg4XkEyXkFqcGc@._V1_.jpg"
"The Silence of the Lambs","Crime,Drama,Horror","https://www.youtube.com/watch?v=Msigx2eqO6s","https://m.media-amazon.com/images/M/MV5BNDdhOGJhYzctYzYwZC00YmI2LWI0MjctYjg4ODdlMDExYjBlXkEyXkFqcGc@._V1_.jpg"
"Saving Private Ryan","Drama,War","https://www.youtube.com/watch?v=RYExstiQlLc","https://m.media-amazon.com/images/M/MV5BZGZhZGQ1ZWUtZTZjYS00MDJhLWFkYjctN2ZlYjE5NWYwZDM2XkEyXkFqcGc@._V1_.jpg"
"City of God","Crime,Drama","https://www.youtube.com/watch?v=dcUOO4Itgmw","https://m.media-amazon.com/images/M/MV5BYjY4NGI5OTUtY2ZlZS00Zjk4LTk5N2MtN2JmYWVjNGNmMGRlXkEyXkFqcGc@._V1_.jpg"
"The Green Mile","Crime,Drama,Fantasy","https://www.youtube.com/watch?v=Bg7epsq0OIQ","https://m.media-amazon.com/images/M/MV5BMTUxMzQyNjA5MF5BMl5BanBnXkFtZTYwOTU2NTY3._V1_.jpg"
"Life Is Beautiful","Comedy,Drama,Romance","https://www.youtube.com/watch?v=pAYEQP8gx3w","https://m.media-amazon.com/images/M/MV5BZTBhOGYzZjQtYzE0Mi00MGIwLWE0MWYtNzMxNTM2OTFkM2NjXkEyXkFqcGc@._V1_.jpg"
"Terminator 2: Judgment Day","Action,Adventure,Sci-Fi","https://www.youtube.com/watch?v=lwSysg9o7wE","https://m.media-amazon.com/images/M/MV5BNGMyMGNkMDUtMjc2Ni00NWFlLTgyODEtZTY2MzBiZTg0OWZiXkEyXkFqcGc@._V1_.jpg"
"Star Wars: Episode IV - A New Hope","Action,Adventure,Fantasy","https://www.youtube.com/watch?v=vZ734NWnAHA","https://m.media-amazon.com/images/M/MV5BOGUwMDk0Y2MtNjBlNi00NmRiLTk2MWYtMGMyMDlhYmI4ZDBjXkEyXkFqcGc@._V1_.jpg"
"Back to the Future","Adventure,Comedy,Sci-Fi","https://www.youtube.com/watch?v=C-4Pr9kBtGc","https://m.media-amazon.com/images/M/MV5BZmM3ZjE0NzctNjBiOC00MDZmLTgzMTUtNGVlOWFlOTNiZDJiXkEyXkFqcGc@._V1_.jpg"
"Spirited Away","Adventure,Animation,Family","https://www.youtube.com/watch?v=ByXuk9QqQkk","https://m.media-amazon.com/images/M/MV5BNTEyNmEwOWUtYzkyOC00ZTQ4LTllZmUtMjk0Y2YwOGUzYjRiXkEyXkFqcGc@._V1_.jpg"
"The Pianist","Biography,Drama,Music","https://www.youtube.com/watch?v=og9hFxxdSOg","https://m.media-amazon.com/images/M/MV5BMjEwNmEwYjgtNTk3ZC00NjljLTg5ZDctZTY3ZGQwZjRkZmQxXkEyXkFqcGc@._V1_.jpg"
"Gladiator","Action,Adventure,Drama","https://www.youtube.com/watch?v=P5ieIbInFpg","https://m.media-amazon.com/images/M/MV5BYWQ4YmNjYjEtOWE1Zi00Y2U4LWI4NTAtMTU0MjkxNWQ1ZmJiXkEyXkFqcGc@._V1_.jpg"
"Parasite","Drama,Thriller","https://www.youtube.com/watch?v=hb1iOVvkykY","https://m.media-amazon.com/images/M/MV5BYjk1Y2U4MjQtY2ZiNS00OWQyLWI3MmYtZWUwNmRjYWRiNWNhXkEyXkFqcGc@._V1_.jpg"
"Psycho","Drama,Horror,Mystery","https://www.youtube.com/watch?v=D90QhegiVvo","https://m.media-amazon.com/images/M/MV5BYjZhMzFiZjItODA3ZC00MmRhLWIzMGYtMmVjOWUwYTA3MTRjXkEyXkFqcGc@._V1_.jpg"
"The Lion King","Adventure,Animation,Drama","https://www.youtube.com/watch?v=lFzVJEksoDY","https://m.media-amazon.com/images/M/MV5BZGRiZDZhZjItM2M3ZC00Y2IyLTk3Y2MtMWY5YjliNDFkZTJlXkEyXkFqcGc@._V1_.jpg"
"Grave of the Fireflies","Animation,Drama,War","https://www.youtube.com/watch?v=lhlh7JVcTt8","https://m.media-amazon.com/images/M/MV5BNTY5MmE2OGMtN2IxNC00MDY4LTkwMGEtZDUzOTYyNWE0ZTNjXkEyXkFqcGc@._V1_.jpg"
"The Departed","Crime,Drama,Thriller","https://www.youtube.com/watch?v=r-MiSNsCdQ4","https://m.media-amazon.com/images/M/MV5BMTI1MTY2OTIxNV5BMl5BanBnXkFtZTYwNjQ4NjY3._V1_.jpg"
"Whiplash","Drama,Music","https://www.youtube.com/watch?v=Df1xkYYbYrY","https://m.media-amazon.com/images/M/MV5BMmNkODhkYjctMDMyOC00ZTNjLTkwZTItM2ExMTAxMGU1ZGQ1XkEyXkFqcGc@._V1_.jpg"
"Harakiri","Drama,Mystery","https://www.youtube.com/watch?v=gfABwM-Ppng","https://m.media-amazon.com/images/M/MV5BZThiZjU5ZDQtZDI4Mi00ZGYyLTkzOTktYmIzZTFlZTkxYzg5XkEyXkFqcGc@._V1_.jpg"
"American History X","Crime,Drama","https://www.youtube.com/watch?v=ZVAfE5cT59c","https://m.media-amazon.com/images/M/MV5BMzhiOTQ0NDItOTg0Zi00OGVmLWE0OGEtMTI4NDM0NWMxZWU4XkEyXkFqcGc@._V1_.jpg"
"The Prestige","Drama,Mystery,Sci-Fi","https://www.youtube.com/watch?v=ijXruSzfGEc","https://m.media-amazon.com/images/M/MV5BMjA4NDI0MTIxNF5BMl5BanBnXkFtZTYwNTM0MzY2._V1_.jpg"
"Léon: The Professional","Action,Crime,Drama","https://www.youtube.com/watch?v=Nq101UyQyTo","https://m.media-amazon.com/images/M/MV5BNGRkYTNhOWQtYmI0Ni00MjZhLWJmMzAtMTA2Mjg4NGNiNDU0XkEyXkFqcGc@._V1_.jpg"
"Spider-Man: Across the Spider-Verse","Action,Adventure,Animation","https://www.youtube.com/watch?v=cqGjhVJWtEg","https://m.media-amazon.com/images/M/MV5BNThiZjA3MjItZGY5Ni00ZmJhLWEwN2EtOTBlYTA4Y2E0M2ZmXkEyXkFqcGc@._V1_.jpg"
"Casablanca","Drama,Romance,War","https://www.youtube.com/watch?v=4rguz_XRi8E","https://m.media-amazon.com/images/M/MV5BNWEzN2U1YTYtYTQyMS00NTVkLWE2NGQtZWFlMmM0MDNjMmRiXkEyXkFqcGc@._V1_.jpg"
"The Usual Suspects","Crime,Drama,Mystery","https://www.youtube.com/watch?v=jM3jrHGAsIE","https://m.media-amazon.com/images/M/MV5BOTE5MDUxZDUtZWZmZC00NDVmLWFhOGQtNWI2YTc4NzY3MGQ0XkEyXkFqcGc@._V1_.jpg"
"The Intouchables","Comedy,Drama","https://www.youtube.com/watch?v=dvdJ--DV0Uo","https://m.media-amazon.com/images/M/MV5BMTYxNDA3MDQwNl5BMl5BanBnXkFtZTcwNTU4Mzc1Nw@@._V1_.jpg"
"Cinema Paradiso","Drama,Romance","https://www.youtube.com/watch?v=stLekU5BnbI","https://m.media-amazon.com/images/M/MV5BMTljNzc4YWEtYTZlMS00ODMyLWIwMTAtNWQxY2VkMDEwYTk5XkEyXkFqcGc@._V1_.jpg"
"Modern Times","Comedy,Drama,Romance","https://www.youtube.com/watch?v=NNznUyDmSFc","https://m.media-amazon.com/images/M/MV5BODVkZGFhNGQtYjdiYi00Njc4LWFmYTItNTlmNzJjMTg1ZDc5XkEyXkFqcGc@._V1_.jpg"
"Alien","Horror,Sci-Fi","https://www.youtube.com/watch?v=L2VWfWC-wI4","https://m.media-amazon.com/images/M/MV5BN2NhMDk2MmEtZDQzOC00MmY5LThhYzAtMDdjZGFjOGZjMjdjXkEyXkFqcGc@._V1_.jpg"
"Rear Window","Drama,Mystery,Thriller","https://www.youtube.com/watch?v=f9fz8q962Dc","https://m.media-amazon.com/images/M/MV5BODZhOWI1ODgtMzdiOS00YjNkLTgwOGUtYmIyZDg5ZmQwMzQ1XkEyXkFqcGc@._V1_.jpg"
"Once Upon a Time in the West","Drama,Western","https://www.youtube.com/watch?v=Yw-Av9BpC-w","https://m.media-amazon.com/images/M/MV5BZjYyNGY1MDEtN2I1MC00MGVhLTljZTYtODQ1NzQ0ODc2NzZlXkEyXkFqcGc@._V1_.jpg"
"Django Unchained","Western","https://www.youtube.com/watch?v=_iH0UBYDI4g","https://m.media-amazon.com/images/M/MV5BMjIyNTQ5NjQ1OV5BMl5BanBnXkFtZTcwODg1MDU4OA@@._V1_.jpg"
"City Lights","Comedy,Drama,Romance","https://www.youtube.com/watch?v=7vl7F8S4cpQ","https://m.media-amazon.com/images/M/MV5BM2U4NjgzODUtODkyOC00YTE2LTlhNTItYzFlYmM1NTEzZDA2XkEyXkFqcGc@._V1_.jpg"
"Apocalypse Now","Drama,Mystery,War","https://www.youtube.com/watch?v=Nd2QtwblrsE","https://m.media-amazon.com/images/M/MV5BZDhiMTljYjYtODc1Yy00MmEwLTg2OTYtYmE1YTRmNDE4MmEwXkEyXkFqcGc@._V1_.jpg"
"Dune: Part Two","Action,Adventure,Drama","https://www.youtube.com/watch?v=Way9Dexny3w","https://m.media-amazon.com/images/M/MV5BNTc0YmQxMjEtODI5MC00NjFiLTlkMWUtOGQ5NjFmYWUyZGJhXkEyXkFqcGc@._V1_.jpg"
"Memento","Mystery,Thriller","https://www.youtube.com/watch?v=Rq9eM4ZXRgs","https://m.media-amazon.com/images/M/MV5BYmQ3MjliNjAtNWFiZS00YWI1LTlmZTktMzBiNDE1NjRhZjU0XkEyXkFqcGc@._V1_.jpg"
"WALL·E","Adventure,Animation,Family","https://www.youtube.com/watch?v=8-_9n5DtKOc","https://m.media-amazon.com/images/M/MV5BMjExMTg5OTU0NF5BMl5BanBnXkFtZTcwMjMxMzMzMw@@._V1_.jpg"
"Raiders of the Lost Ark","Action,Adventure","https://www.youtube.com/watch?v=0xQSIdSRlAk","https://m.media-amazon.com/images/M/MV5BOGNhMjg2ZjgtYzk4Ni00MTViLTg1MmUtYzM2MDZiYjZlMmU3XkEyXkFqcGc@._V1_.jpg"
"The Lives of Others","Drama,Mystery,Thriller","https://www.youtube.com/watch?v=n3_iLOp6IhM","https://m.media-amazon.com/images/M/MV5BYjM1N2Q0YWEtN2E5MC00NDM3LTk2NTEtMTc1NTk5OTA5ZGIzXkEyXkFqcGc@._V1_.jpg"
"Avengers: Infinity War","Action,Adventure,Sci-Fi","https://www.youtube.com/watch?v=6ZfuNTqbHE8","https://m.media-amazon.com/images/M/MV5BMjMxNjY2MDU1OV5BMl5BanBnXkFtZTgwNzY1MTUwNTM@._V1_.jpg"
"Sunset Boulevard","Drama,Film-Noir","https://www.youtube.com/watch?v=_dY0SVxnHjQ","https://m.media-amazon.com/images/M/MV5BMTU0NTkyNzYwMF5BMl5BanBnXkFtZTgwMDU0NDk5MTI@._V1_.jpg"
"Spider-Man: Into the Spider-Verse","Action,Adventure,Animation","https://www.youtube.com/watch?v=ii3n7hYQOl4","https://m.media-amazon.com/images/M/MV5BMjMwNDkxMTgzOF5BMl5BanBnXkFtZTgwNTkwNTQ3NjM@._V1_.jpg"
"Paths of Glory","Drama,War","https://www.youtube.com/watch?v=FESvZ0HG2p4","https://m.media-amazon.com/images/M/MV5BNmQ2NmI2ODYtMDQzNS00NzQyLTkzZjgtZmZlYTQ5MTc1OWU3XkEyXkFqcGc@._V1_.jpg"
"Witness for the Prosecution","Crime,Drama,Mystery","https://www.youtube.com/watch?v=CgjVcXRDU0I","https://m.media-amazon.com/images/M/MV5BNjRhNTQzMzQtMWViMi00ODQ1LTg0MTEtYWE4ZWZlYjM4YjJhXkEyXkFqcGc@._V1_.jpg"
"The Shining","Drama,Horror","https://www.youtube.com/watch?v=S014oGZiSdI","https://m.media-amazon.com/images/M/MV5BNmM5ZThhY2ItOGRjOS00NzZiLWEwYTItNDgyMjFkOTgxMmRiXkEyXkFqcGc@._V1_.jpg"
"The Great Dictator","Comedy,Drama,War","https://www.youtube.com/watch?v=k8bVG8XC-4I","https://m.media-amazon.com/images/M/MV5BMjc4ZjEwNDUtMjlmZS00NzQ4LTg2N2MtMGI3ZjMyMmM3ZDM2XkEyXkFqcGc@._V1_.jpg"
"12th Fail","Biography,Drama","https://www.youtube.com/watch?v=WeMJo701mvQ","https://m.media-amazon.com/images/M/MV5BNTE3OTIxZDYtNjA0NC00N2YxLTg1NGQtOTYxNmZkMDkwOWNjXkEyXkFqcGc@._V1_.jpg"
"Aliens","Action,Adventure,Horror","https://www.youtube.com/watch?v=Ahi3JNdCD2U","https://m.media-amazon.com/images/M/MV5BZjIyNGJhYzYtN2I1My00OTVhLWEyMzItZTVjNDMzOTVkYWViXkEyXkFqcGc@._V1_.jpg"
"Inglourious Basterds","Adventure,Drama,War","https://www.youtube.com/watch?v=QFIUD3aq_do","https://m.media-amazon.com/images/M/MV5BODZhMWJlNjYtNDExNC00MTIzLTllM2ItOGQ2NGVjNDQ3MzkzXkEyXkFqcGc@._V1_.jpg"
"The Dark Knight Rises","Action,Crime,Drama","https://www.youtube.com/watch?v=z5Humz3ONgk","https://m.media-amazon.com/images/M/MV5BMTk4ODQzNDY3Ml5BMl5BanBnXkFtZTcwODA0NTM4Nw@@._V1_.jpg"
"Coco","Adventure,Animation,Drama","https://www.youtube.com/watch?v=xlnPHQ3TLX8","https://m.media-amazon.com/images/M/MV5BMDIyM2E2NTAtMzlhNy00ZGUxLWI1NjgtZDY5MzhiMDc5NGU3XkEyXkFqcGc@._V1_.jpg"
"Amadeus","Biography,Drama,Music","https://www.youtube.com/watch?v=_R4fbdzzXok","https://m.media-amazon.com/images/M/MV5BMzc2MjM0NTMtOGY4NC00NzY1LWE2ODUtZjMzY2RhNGNkZDAyXkEyXkFqcGc@._V1_.jpg"
"Toy Story","Adventure,Animation,Comedy","https://www.youtube.com/watch?v=tN1A2mVnrOM","https://m.media-amazon.com/images/M/MV5BZTA3OWVjOWItNjE1NS00NzZiLWE1MjgtZDZhMWI1ZTlkNzYwXkEyXkFqcGc@._V1_.jpg"
"Avengers: Endgame","Action,Adventure,Sci-Fi","https://www.youtube.com/watch?v=hA6hldpSTF8","https://m.media-amazon.com/images/M/MV5BMTc5MDE2ODcwNV5BMl5BanBnXkFtZTgwMzI2NzQ2NzM@._V1_.jpg"
"Good Will Hunting","Drama,Romance","https://www.youtube.com/watch?v=ReIJ1lbL-Q8","https://m.media-amazon.com/images/M/MV5BNDdjZGQ5YzEtNTc2My00Mjc0LWFlMTctYzkwMzZlNzdiZWYzXkEyXkFqcGc@._V1_.jpg"
"Oldboy","Action,Drama,Mystery","https://www.youtube.com/watch?v=w4UUGIIZxFU","https://m.media-amazon.com/images/M/MV5BMTI3NTQyMzU5M15BMl5BanBnXkFtZTcwMTM2MjgyMQ@@._V1_.jpg"
"Dr. Strangelove or: How I Learned to Stop Worrying and Love the Bomb","Comedy,War","https://www.youtube.com/watch?v=98NaJ8ss4sY","https://m.media-amazon.com/images/M/MV5BMjFjYzBlOTktMTI2OS00ZWVhLTgxMDUtNzAwODY2NmI3YTAzXkEyXkFqcGc@._V1_.jpg"
"The Chaos Class Failed the Class","Comedy","None","https://m.media-amazon.com/images/M/MV5BZmY3MjVhMmQtOTcwYy00ZjcyLWFiZDgtN2JiODVjNjQzYWQyXkEyXkFqcGc@._V1_.jpg"
"American Beauty","Drama","https://www.youtube.com/watch?v=3ycmmJ6rxA8","https://m.media-amazon.com/images/M/MV5BMDI1MDE0OTMtMmI2MS00Yjc2LTg2MTItMWExYTg5NzA1OGUzXkEyXkFqcGc@._V1_.jpg"
"Das Boot","Drama,War","https://www.youtube.com/watch?v=r37MmBuFoc0","https://m.media-amazon.com/images/M/MV5BNGU0MWZlMTUtM2Y3Ny00NGNmLWE5NmEtN2YxOWQzMGM3ZWYzXkEyXkFqcGc@._V1_.jpg"
"Braveheart","Biography,Drama,War","https://www.youtube.com/watch?v=nMft5QDOHek","https://m.media-amazon.com/images/M/MV5BNGMxZDBhNGQtYTZlNi00N2UzLWI4NDEtNmUzNWM2NTdmZDA0XkEyXkFqcGc@._V1_.jpg"
"Princess Mononoke","Adventure,Animation,Fantasy","https://www.youtube.com/watch?v=4OiMOHRDs14","https://m.media-amazon.com/images/M/MV5BNjAzODViNGEtMjBkYi00N2U5LWJjNjAtY2U0MGJhZTEwOTU0XkEyXkFqcGc@._V1_.jpg"
"Your Name.","Animation,Drama,Fantasy","https://www.youtube.com/watch?v=xU47nhruN-Q","https://m.media-amazon.com/images/M/MV5BMjI1ODZkYTgtYTY3Yy00ZTJkLWFkOTgtZDUyYWM4MzQwNjk0XkEyXkFqcGc@._V1_.jpg"
"High and Low","Crime,Drama,Mystery","https://www.youtube.com/watch?v=ELsgPvgDBoY","https://m.media-amazon.com/images/M/MV5BOTFmOTNjYjUtMDA2MC00ZTJiLThiYzktNDdjNzQwMjNkN2NmXkEyXkFqcGc@._V1_.jpg"
"3 Idiots","Comedy,Drama","https://www.youtube.com/watch?v=xvszmNXdM4w","https://m.media-amazon.com/images/M/MV5BNzc4ZWQ3NmYtODE0Ny00YTQ4LTlkZWItNTBkMGQ0MmUwMmJlXkEyXkFqcGc@._V1_.jpg"
"Joker","Crime,Drama,Thriller","https://www.youtube.com/watch?v=t433PEQGErc","https://m.media-amazon.com/images/M/MV5BNzY3OWQ5NDktNWQ2OC00ZjdlLThkMmItMDhhNDk3NTFiZGU4XkEyXkFqcGc@._V1_.jpg"
"Once Upon a Time in America","Crime,Drama","https://www.youtube.com/watch?v=5vrbUpDihxs","https://m.media-amazon.com/images/M/MV5BMDQ0ZTg2OGUtZjMyOC00M2M5LThkMmItZmM2MmUzMmIxMWJhXkEyXkFqcGc@._V1_.jpg"
"Capernaum","Drama","https://www.youtube.com/watch?v=ULUo0048xZE","https://m.media-amazon.com/images/M/MV5BYzEyMzQ1OTktZTljZi00OWQzLWE2ZmUtZjQyNzBjYjE1NTc0XkEyXkFqcGc@._V1_.jpg"
"Singin' in the Rain","Comedy,Musical,Romance","https://www.youtube.com/watch?v=D-NJHUasYVA","https://m.media-amazon.com/images/M/MV5BMGQzZDFjZWUtZDU4ZS00ZjM3LTgyYmItYjA3YmIwYzRkZWY3XkEyXkFqcGc@._V1_.jpg"
"Come and See","Drama,Thriller,War","https://www.youtube.com/watch?v=UHaSQU-4wss","https://m.media-amazon.com/images/M/MV5BNDlkZmVkZDAtZGFmMS00OWIzLWJkY2YtNWE5NjNhNjhiZGE3XkEyXkFqcGc@._V1_.jpg"
"Requiem for a Dream","Drama","https://www.youtube.com/watch?v=20YzUO_RLS0","https://m.media-amazon.com/images/M/MV5BN2ZlMjIzZjctYzA2My00ZWYyLWI4ZjctMGI2NWYyNzFiZjAwXkEyXkFqcGc@._V1_.jpg"
"Toy Story 3","Adventure,Animation,Comedy","https://www.youtube.com/watch?v=2BlMNH1QTeE","https://m.media-amazon.com/images/M/MV5BMTgxOTY4Mjc0MF5BMl5BanBnXkFtZTcwNTA4MDQyMw@@._V1_.jpg"
"Star Wars: Episode VI - Return of the Jedi","Action,Adventure,Fantasy","https://www.youtube.com/watch?v=XgB4gaY2dWE","https://m.media-amazon.com/images/M/MV5BNWEwOTI0MmUtMGNmNy00ODViLTlkZDQtZTg1YmQ3MDgyNTUzXkEyXkFqcGc@._V1_.jpg"
"The Hunt","Drama","https://www.youtube.com/watch?v=0KwzEQPMppI","https://m.media-amazon.com/images/M/MV5BMTg2NDg3ODg4NF5BMl5BanBnXkFtZTcwNzk3NTc3Nw@@._V1_.jpg"
"Ikiru","Drama","https://www.youtube.com/watch?v=geKhyNerWM8","https://m.media-amazon.com/images/M/MV5BZTk4OGEwNDQtOGI2MC00MTU2LTk0YTEtNmU5NTIxMWNkNDhlXkEyXkFqcGc@._V1_.jpg"
"Eternal Sunshine of the Spotless Mind","Drama,Romance,Sci-Fi","https://www.youtube.com/watch?v=yE-f1alkq9I","https://m.media-amazon.com/images/M/MV5BMTY4NzcwODg3Nl5BMl5BanBnXkFtZTcwNTEwOTMyMw@@._V1_.jpg"
"2001: A Space Odyssey","Adventure,Sci-Fi","https://www.youtube.com/watch?v=F-CmZP-imSI","https://m.media-amazon.com/images/M/MV5BNjU0NDFkMTQtZWY5OS00MmZhLTg3Y2QtZmJhMzMzMWYyYjc2XkEyXkFqcGc@._V1_.jpg"
"Reservoir Dogs","Crime,Thriller","https://www.youtube.com/watch?v=2KLZ4fSXtgI","https://m.media-amazon.com/images/M/MV5BMmMzYjg4NDctYWY0Mi00OGViLWIzMTMtYWNlZGY5ZDJmYjk3XkEyXkFqcGc@._V1_.jpg"
"The Apartment","Comedy,Drama,Romance","https://www.youtube.com/watch?v=OcslkrBMLGc","https://m.media-amazon.com/images/M/MV5BNDdhMzVhOWQtNDU2Mi00ZmZmLWJiZDMtY2QxMjhjY2Y1ZTI5XkEyXkFqcGc@._V1_.jpg"
"Incendies","Drama,Mystery,War","https://www.youtube.com/watch?v=XJ69WnwvZhE","https://m.media-amazon.com/images/M/MV5BYWFmMjdmNjctNzhhOC00ZmMzLTkwOGItMmVmZDU4MjE2MTYwXkEyXkFqcGc@._V1_.jpg"
"Lawrence of Arabia","Adventure,Biography,Drama","https://www.youtube.com/watch?v=_AznzZAlwVA","https://m.media-amazon.com/images/M/MV5BYjY0YTQ1OTAtYjEyNy00NTQ4LThlMTQtM2QwYTVhYWFhNjU5XkEyXkFqcGc@._V1_.jpg"
"Scarface","Crime,Drama","https://www.youtube.com/watch?v=QyM1mQHz_2U","https://m.media-amazon.com/images/M/MV5BNDUzYjY0NmUtMDM4OS00Y2Q5LWJiODYtNTk0ZTk0YjZhMTg1XkEyXkFqcGc@._V1_.jpg"
"Double Indemnity","Crime,Drama,Film-Noir","https://www.youtube.com/watch?v=9oxVkwB05rU","https://m.media-amazon.com/images/M/MV5BM2YwNjZlZDktNTlmNS00ODQwLWJmNmUtYmE1NTBhYjc1YTY5XkEyXkFqcGc@._V1_.jpg"
"North by Northwest","Adventure,Drama,Mystery","https://www.youtube.com/watch?v=cPNiwc3ogIo","https://m.media-amazon.com/images/M/MV5BZWIzODI2OGItMzM0Ny00OGRmLTlkNmItMDQxMTFmMTk3YmQwXkEyXkFqcGc@._V1_.jpg"
"Heat","Action,Crime,Drama","https://www.youtube.com/watch?v=14oNcFxiVaQ","https://m.media-amazon.com/images/M/MV5BMTkxYjU1OTMtYWViZC00ZjAzLWI3MDktZGQ2N2VmMjVjNDRlXkEyXkFqcGc@._V1_.jpg"
"Citizen Kane","Drama,Mystery","https://www.youtube.com/watch?v=lkYhWses6pQ","https://m.media-amazon.com/images/M/MV5BYjk1ZDJlMmUtOWQ0Zi00MDM5LTk1OGYtODczNjFmMGYwZGVkXkEyXkFqcGc@._V1_.jpg"
"Up","Adventure,Animation,Comedy","https://www.youtube.com/watch?v=ORFWdXl_zJ4","https://m.media-amazon.com/images/M/MV5BNmI1ZTc5MWMtMDYyOS00ZDc2LTkzOTAtNjQ4NWIxNjYyNDgzXkEyXkFqcGc@._V1_.jpg"
"M","Crime,Mystery,Thriller","https://www.youtube.com/watch?v=nsVproWjN6c","https://m.media-amazon.com/images/M/MV5BODA4ODk3OTEzMF5BMl5BanBnXkFtZTgwMTQ2ODMwMzE@._V1_.jpg"
"Full Metal Jacket","Drama,War","https://www.youtube.com/watch?v=3Un-WBlVHPw","https://m.media-amazon.com/images/M/MV5BYWUzNzZkNzUtNDdiYy00Nzk5LTgxMmItNTk0MjRjNjdjNDA0XkEyXkFqcGc@._V1_.jpg"
"Vertigo","Mystery,Romance,Thriller","https://www.youtube.com/watch?v=95o-QM-lz8g","https://m.media-amazon.com/images/M/MV5BNzEyZTUxMWItMGVhYy00Y2NlLTljYTMtYzBmMzI1YmUyMDBkXkEyXkFqcGc@._V1_.jpg"
"Amélie","Comedy,Romance","https://www.youtube.com/watch?v=2UT5xaAfxWU","https://m.media-amazon.com/images/M/MV5BOTNmYzY0MWQtZGZmNy00Y2Y4LWFmMDQtMTZjYTdiYzEwZGQ2XkEyXkFqcGc@._V1_.jpg"
"A Separation","Drama","https://www.youtube.com/watch?v=58Onuy5USTc","https://m.media-amazon.com/images/M/MV5BMDM0ZWRmMzctM2M5ZS00ZjU0LWIxN2MtNWNlNGY1ZDhjMDVhXkEyXkFqcGc@._V1_.jpg"
"To Kill a Mockingbird","Crime,Drama","https://www.youtube.com/watch?v=4-CrrtYjrbM","https://m.media-amazon.com/images/M/MV5BZTlkYWU4MGEtZmQyYi00OWEzLTgzY2EtYzVjOTEzYzAyNTk1XkEyXkFqcGc@._V1_.jpg"
"A Clockwork Orange","Crime,Sci-Fi","https://www.youtube.com/watch?v=vN-1Mup0UI0","https://m.media-amazon.com/images/M/MV5BMTY3MjM1Mzc4N15BMl5BanBnXkFtZTgwODM0NzAxMDE@._V1_.jpg"
"Die Hard","Action,Thriller","https://www.youtube.com/watch?v=gYWvwkXreaI","https://m.media-amazon.com/images/M/MV5BMGNlYmM1NmQtYWExMS00NmRjLTg5ZmEtMmYyYzJkMzljYWMxXkEyXkFqcGc@._V1_.jpg"
"Like Stars on Earth","Drama,Family","https://www.youtube.com/watch?v=tn_2Ie_jtX8","https://m.media-amazon.com/images/M/MV5BZTI0ZGRiMDEtNGNjMS00MGU4LWI3OTktNzcxMDZmZTk3MTljXkEyXkFqcGc@._V1_.jpg"
"The Sting","Comedy,Crime,Drama","https://www.youtube.com/watch?v=_nAIb_J9T5M","https://m.media-amazon.com/images/M/MV5BZGI4OTk4MDMtYmQ1Ni00YTUzLTkyYTktZGUwMjMyN2M4NjQ5XkEyXkFqcGc@._V1_.jpg"
"Indiana Jones and the Last Crusade","Action,Adventure","https://www.youtube.com/watch?v=xV7qk3nuoUU","https://m.media-amazon.com/images/M/MV5BNGIxNzQ0YzYtMjNmYi00YjBlLWFjNzEtNGE3ZGFmYTczM2MwXkEyXkFqcGc@._V1_.jpg"
"Oppenheimer","Biography,Drama,History","https://www.youtube.com/watch?v=bK6ldnjE3Y0","https://m.media-amazon.com/images/M/MV5BN2JkMDc5MGQtZjg3YS00NmFiLWIyZmQtZTJmNTM5MjVmYTQ4XkEyXkFqcGc@._V1_.jpg"
"Metropolis","Drama,Sci-Fi","https://www.youtube.com/watch?v=ZAvzaOxDt2c","https://m.media-amazon.com/images/M/MV5BMjhjMGYyMjAtMzJkYy00NzhlLWIwY2MtMWQ2ODIxZDUyOGYyXkEyXkFqcGc@._V1_.jpg"
"Snatch","Comedy,Crime","https://www.youtube.com/watch?v=ni4tEtuTccc","https://m.media-amazon.com/images/M/MV5BYzk5NjJkMTQtN2IyNC00YWM5LTlhZmMtNGI3MWNhMTU1YTc4XkEyXkFqcGc@._V1_.jpg"
"1917","Action,Drama,War","https://www.youtube.com/watch?v=UcmZN0Mbl04","https://m.media-amazon.com/images/M/MV5BYzkxZjg2NDQtMGVjMy00NWZkLTk0ZDEtZWE3NDYwYjAyMTg1XkEyXkFqcGc@._V1_.jpg"
"L.A. Confidential","Crime,Drama,Mystery","https://www.youtube.com/watch?v=kF2btFEyKrA","https://m.media-amazon.com/images/M/MV5BODdiMjY1OGYtNDk0NC00NGQ1LWI4MDItOTJhMTM0YjE1YTAzXkEyXkFqcGc@._V1_.jpg"
"Bicycle Thieves","Drama","https://www.youtube.com/watch?v=H2P4xo9kmPM","https://m.media-amazon.com/images/M/MV5BZTQzYTIxYzItYmQ5YS00MmFhLWEyMjItNTBhMTRmM2Y5MDJhXkEyXkFqcGc@._V1_.jpg"
"Downfall","Biography,Drama,History","https://www.youtube.com/watch?v=Bp1RXmM1-60","https://m.media-amazon.com/images/M/MV5BMTU0NTU5NTAyMl5BMl5BanBnXkFtZTYwNzYwMDg2._V1_.jpg"
"Dangal","Action,Biography,Drama","https://www.youtube.com/watch?v=x_7YlGv9u1g","https://m.media-amazon.com/images/M/MV5BMTQ4MzQzMzM2Nl5BMl5BanBnXkFtZTgwMTQ1NzU3MDI@._V1_.jpg"
"Taxi Driver","Crime,Drama","https://www.youtube.com/watch?v=S7ORyD-e7-0","https://m.media-amazon.com/images/M/MV5BZDNhMGYwM2UtMTdlZS00MGQ1LWI2YzAtODY5YWI1MjYyNzRmXkEyXkFqcGc@._V1_.jpg"
"Hamilton","Biography,Drama,History","https://www.youtube.com/watch?v=DSCKfXpAGHc","https://m.media-amazon.com/images/M/MV5BYzBhOWY4ZTktMjE2NS00ZGIyLWJkOGMtNDQyN2JjZWFiODdiXkEyXkFqcGc@._V1_.jpg"
"The Wolf of Wall Street","Biography,Comedy,Crime","https://www.youtube.com/watch?v=iszwuX1AK6A","https://m.media-amazon.com/images/M/MV5BMjIxMjgxNTk0MF5BMl5BanBnXkFtZTgwNjIyOTg2MDE@._V1_.jpg"
"Batman Begins","Action,Crime,Drama","https://www.youtube.com/watch?v=FiL1_5DWV7Y","https://m.media-amazon.com/images/M/MV5BODIyMDdhNTgtNDlmOC00MjUxLWE2NDItODA5MTdkNzY3ZTdhXkEyXkFqcGc@._V1_.jpg"
"Green Book","Biography,Comedy,Drama","https://www.youtube.com/watch?v=QkZxoko_HC0","https://m.media-amazon.com/images/M/MV5BNDU5YTNmMmItN2QxNy00OGQ0LTg5MTctNzFmYjEzZjcwN2UwXkEyXkFqcGc@._V1_.jpg"
"For a Few Dollars More","Drama,Western","https://www.youtube.com/watch?v=bNt9NcLteoU","https://m.media-amazon.com/images/M/MV5BNTRmOTcyYmYtMTIwNi00ZGYyLTk4YjYtZGJlZTgwZGY0NGQyXkEyXkFqcGc@._V1_.jpg"
"Judgment at Nuremberg","Drama,War","https://www.youtube.com/watch?v=T3taV43-lGc","https://m.media-amazon.com/images/M/MV5BNDc2ODQ5NTE2MV5BMl5BanBnXkFtZTcwODExMjUyNA@@._V1_.jpg"
"The Truman Show","Comedy,Drama","https://www.youtube.com/watch?v=N1VlDVRiFrk","https://m.media-amazon.com/images/M/MV5BNzA3ZjZlNzYtMTdjMy00NjMzLTk5ZGYtMTkyYzNiOGM1YmM3XkEyXkFqcGc@._V1_.jpg"
"Some Like It Hot","Comedy,Music,Romance","https://www.youtube.com/watch?v=vvgWJ4VRwrg","https://m.media-amazon.com/images/M/MV5BZTllZDYyNjEtY2RmMS00NmJhLWI4ODAtMTQ0NWFiZTJhZjA0XkEyXkFqcGc@._V1_.jpg"
"Shutter Island","Drama,Mystery,Thriller","https://www.youtube.com/watch?v=qdPw9x9h5CY","https://m.media-amazon.com/images/M/MV5BN2FjNWExYzEtY2YzOC00YjNlLTllMTQtNmIwM2Q1YzBhOWM1XkEyXkFqcGc@._V1_.jpg"
"The Kid","Comedy,Drama,Family","https://www.youtube.com/watch?v=O5WXokyub-4","https://m.media-amazon.com/images/M/MV5BNjkxMzY1NTQtN2YwOS00NmIwLTlkNTMtMjNkMzk1ZTk3ZDU2XkEyXkFqcGc@._V1_.jpg"
"The Father","Drama,Mystery","https://www.youtube.com/watch?v=4TZb7YfK-JI","https://m.media-amazon.com/images/M/MV5BYzUxMDAyMDAtNzIyZi00OGQ1LTllMjEtYzRjOThkZTUxNTliXkEyXkFqcGc@._V1_.jpg"
"All About Eve","Drama","https://www.youtube.com/watch?v=MILphnfj2mo","https://m.media-amazon.com/images/M/MV5BOTM4ZjUzOGUtYzdlZi00ZmM5LTk5NTEtMjQxNDVmOTc5NWNlXkEyXkFqcGc@._V1_.jpg"
"Jurassic Park","Action,Adventure,Sci-Fi","https://www.youtube.com/watch?v=Rz_FvTXa_qY","https://m.media-amazon.com/images/M/MV5BMjM2MDgxMDg0Nl5BMl5BanBnXkFtZTgwNTM2OTM5NDE@._V1_.jpg"
"There Will Be Blood","Drama","https://www.youtube.com/watch?v=0FIm5ATyAY0","https://m.media-amazon.com/images/M/MV5BMjAxODQ4MDU5NV5BMl5BanBnXkFtZTcwMDU4MjU1MQ@@._V1_.jpg"
"Casino","Crime,Drama","https://www.youtube.com/watch?v=zFUKn_75m1o","https://m.media-amazon.com/images/M/MV5BMDRlZWZjZjYtYzY2NS00ZWVjLTkwYzAtZTA2ZDAzMGRiYmYwXkEyXkFqcGc@._V1_.jpg"
"The Sixth Sense","Drama,Mystery,Thriller","https://www.youtube.com/watch?v=VG9AGf66tXM","https://m.media-amazon.com/images/M/MV5BZWQ2OTY0M2UtMTQxNC00MmIzLTllNDQtNDQ0MTQyYzI2M2ZiXkEyXkFqcGc@._V1_.jpg"
"Ran","Action,Drama,War","https://www.youtube.com/watch?v=YwP_kXyd-Rw","https://m.media-amazon.com/images/M/MV5BZDk2NDY5YjktMjEyMC00OTJhLTkzM2EtY2Q4Y2RjYzc2Yjk4XkEyXkFqcGc@._V1_.jpg"
"Top Gun: Maverick","Action,Drama","https://www.youtube.com/watch?v=qSqVVswa420","https://m.media-amazon.com/images/M/MV5BMDBkZDNjMWEtOTdmMi00NmExLTg5MmMtNTFlYTJlNWY5YTdmXkEyXkFqcGc@._V1_.jpg"
"No Country for Old Men","Crime,Drama,Thriller","https://www.youtube.com/watch?v=A0oNrgumrlE","https://m.media-amazon.com/images/M/MV5BMjA5Njk3MjM4OV5BMl5BanBnXkFtZTcwMTc5MTE1MQ@@._V1_.jpg"
"The Thing","Horror,Mystery,Sci-Fi","https://www.youtube.com/watch?v=ySvzHdtCiWE","https://m.media-amazon.com/images/M/MV5BYTA3NDU5MWEtNTk4Yy00ZDNkLThmZTQtMjU3ZGVhYzAyMzU4XkEyXkFqcGc@._V1_.jpg"
"Pan's Labyrinth","Drama,Fantasy,War","https://www.youtube.com/watch?v=jVZRnnVSQ8k","https://m.media-amazon.com/images/M/MV5BOTc1NTAxMWItMWFlNy00MmU2LTkwMTMtNzMwOTg5OTQ5YTFiXkEyXkFqcGc@._V1_.jpg"
"Unforgiven","Drama,Western","https://www.youtube.com/watch?v=amE57OniG9Y","https://m.media-amazon.com/images/M/MV5BNmZmMzM3YWMtZjg5Yi00M2MxLTg3ZGItNGU4YjQxNDAxM2Q4XkEyXkFqcGc@._V1_.jpg"
"A Beautiful Mind","Biography,Drama,Mystery","https://www.youtube.com/watch?v=WFJgUm7iOKw","https://m.media-amazon.com/images/M/MV5BNzljZTk5ZDgtZTQ1Zi00NTM4LThlOGUtZDk2MGM4NDQ4NWQyXkEyXkFqcGc@._V1_.jpg"
"Kill Bill: Vol. 1","Action,Crime,Thriller","https://www.youtube.com/watch?v=d48qtYoeIqE","https://m.media-amazon.com/images/M/MV5BZmMyYzJlZmYtY2I3NC00NjAyLTkyZWItZjdjZDI1YTYyYTEwXkEyXkFqcGc@._V1_.jpg"
"The Treasure of the Sierra Madre","Adventure,Drama,Western","https://www.youtube.com/watch?v=1DwXNmorsa0","https://m.media-amazon.com/images/M/MV5BOWM1YjFmODEtMWNhMC00YmI1LWI0Y2EtYzg0YTBhZWI4ODE3XkEyXkFqcGc@._V1_.jpg"
"Prisoners","Crime,Drama,Mystery","https://www.youtube.com/watch?v=2SupordEUpw","https://m.media-amazon.com/images/M/MV5BMTg0NTIzMjQ1NV5BMl5BanBnXkFtZTcwNDc3MzM5OQ@@._V1_.jpg"
"Yojimbo","Action,Drama,Thriller","https://www.youtube.com/watch?v=nazk6Zpm_Ks","https://m.media-amazon.com/images/M/MV5BYzFkODA1N2QtY2UyMC00NTMwLWEyNzctMmE3YjIzNzE1MzY4XkEyXkFqcGc@._V1_.jpg"
"Finding Nemo","Adventure,Animation,Comedy","https://www.youtube.com/watch?v=SPHfeNgogVs","https://m.media-amazon.com/images/M/MV5BMTc5NjExNTA5OV5BMl5BanBnXkFtZTYwMTQ0ODY2._V1_.jpg"
"The Great Escape","Adventure,Drama,Thriller","https://www.youtube.com/watch?v=M2bEzJFVdQ4","https://m.media-amazon.com/images/M/MV5BMDRhNmJjMzEtMWU5MC00YmEyLTg3ZmYtNzYxZTI1ZGU4ZjI1XkEyXkFqcGc@._V1_.jpg"
"Howl's Moving Castle","Adventure,Animation,Family","https://www.youtube.com/watch?v=iwROgK94zcM","https://m.media-amazon.com/images/M/MV5BMTY1OTg0MjE3MV5BMl5BanBnXkFtZTcwNTUxMTkyMQ@@._V1_.jpg"
"Monty Python and the Holy Grail","Adventure,Comedy,Fantasy","https://www.youtube.com/watch?v=4b52A3sKz-I","https://m.media-amazon.com/images/M/MV5BYWY4YmUzZmUtMzQ0ZS00N2Y2LWJlODQtN2IwMDc1MWQwMmU3XkEyXkFqcGc@._V1_.jpg"
"The Elephant Man","Biography,Drama","https://www.youtube.com/watch?v=AF9gNKJi79g","https://m.media-amazon.com/images/M/MV5BMGE3MDZhNmMtMmUxZS00MDJmLTgxYmQtOGU4ODU0Y2JmNDI1XkEyXkFqcGc@._V1_.jpg"
"Dial M for Murder","Crime,Drama,Mystery","https://www.youtube.com/watch?v=_rLa7HIkkQc","https://m.media-amazon.com/images/M/MV5BZmYzNDgzYjgtNmU3Ny00YzUxLWE3OWUtMjIxZmNkYTVhNDZmXkEyXkFqcGc@._V1_.jpg"
"Gone with the Wind","Drama,Romance,War","https://www.youtube.com/watch?v=0dTsfsr6-X8","https://m.media-amazon.com/images/M/MV5BYmYxZTE3YzMtYmE2Yy00NmFlLTkzYTAtYTAzN2IzNDFkN2E0XkEyXkFqcGc@._V1_.jpg"
"Klaus","Adventure,Animation,Comedy","https://www.youtube.com/watch?v=taE3PwurhYM","https://m.media-amazon.com/images/M/MV5BZDA4ODhlMzctNGRmYi00NmViLTkxZGYtZjRkNGQ5YzYwYWVlXkEyXkFqcGc@._V1_.jpg"
"Rashomon","Crime,Drama,Mystery","https://www.youtube.com/watch?v=L2E_DfExUmU","https://m.media-amazon.com/images/M/MV5BMjEzMzA4NDE2OF5BMl5BanBnXkFtZTcwNTc5MDI2NQ@@._V1_.jpg"
"Chinatown","Drama,Mystery,Thriller","https://www.youtube.com/watch?v=T37QkBc4IGY","https://m.media-amazon.com/images/M/MV5BNmRmZTE0NmUtZjhiZi00MzQ3LTk3ZjctN2Q3ODYzY2U3MDk3XkEyXkFqcGc@._V1_.jpg"
"The Secret in Their Eyes","Drama,Mystery,Romance","https://www.youtube.com/watch?v=dcK7WvdNSBc","https://m.media-amazon.com/images/M/MV5BMTgwNTI3OTczOV5BMl5BanBnXkFtZTcwMTM3MTUyMw@@._V1_.jpg"
"Lock, Stock and Two Smoking Barrels","Comedy,Crime","https://www.youtube.com/watch?v=HY7mRdQuUSw","https://m.media-amazon.com/images/M/MV5BMmY1M2M5ZmMtYzllZC00YzAxLTk4MjktZDJkNjA1MTUwMGQ4XkEyXkFqcGc@._V1_.jpg"
"V for Vendetta","Action,Drama,Sci-Fi","https://www.youtube.com/watch?v=V5VGq23aZ-g","https://m.media-amazon.com/images/M/MV5BOTI5ODc3NzExNV5BMl5BanBnXkFtZTcwNzYxNzQzMw@@._V1_.jpg"
"Inside Out","Adventure,Animation,Comedy","https://www.youtube.com/watch?v=_MC3XuMvsDI","https://m.media-amazon.com/images/M/MV5BOTgxMDQwMDk0OF5BMl5BanBnXkFtZTgwNjU5OTg2NDE@._V1_.jpg"
"Three Billboards Outside Ebbing, Missouri","Comedy,Crime,Drama","https://www.youtube.com/watch?v=Jit3YhGx5pU","https://m.media-amazon.com/images/M/MV5BMjI0ODcxNzM1N15BMl5BanBnXkFtZTgwMzIwMTEwNDI@._V1_.jpg"
"The Bridge on the River Kwai","Adventure,Drama,War","https://www.youtube.com/watch?v=RlC7XBayj0s","https://m.media-amazon.com/images/M/MV5BNzdkYmU2YmItNmZiYy00OWQyLTg0YWYtZmUxM2U3YTRiNTQ1XkEyXkFqcGc@._V1_.jpg"
"Trainspotting","Drama","https://www.youtube.com/watch?v=KhGT6itWByA","https://m.media-amazon.com/images/M/MV5BYmVkNGJkMzQtYWQwOS00OTZmLThjODQtZjNjNzllYzRiNTE0XkEyXkFqcGc@._V1_.jpg"
"The Wild Robot","Animation,Sci-Fi","https://www.youtube.com/watch?v=67vbA5ZJdKQ","https://m.media-amazon.com/images/M/MV5BZWNiZjVlZTUtNGUwYi00MjJmLTg2MDctNWEzYTJiMzY1ODc4XkEyXkFqcGc@._V1_.jpg"
"Catch Me If You Can","Biography,Crime,Drama","https://www.youtube.com/watch?v=71rDQ7z4eFg","https://m.media-amazon.com/images/M/MV5BMTY5MzYzNjc5NV5BMl5BanBnXkFtZTYwNTUyNTc2._V1_.jpg"
"Raging Bull","Biography,Drama,Sport","https://www.youtube.com/watch?v=F2UKuKxCJqc","https://m.media-amazon.com/images/M/MV5BMjlkYmYyZWQtNTZkOS00ZjA0LWEwNWUtNzE2ZGNiYjg0MjA2XkEyXkFqcGc@._V1_.jpg"
"Fargo","Crime,Drama,Thriller","https://www.youtube.com/watch?v=ju75Sd4yAZw","https://m.media-amazon.com/images/M/MV5BNjg4MWE0MjEtODFhNy00MjA5LTg5ODktMzgwNWFmZTAwNjBlXkEyXkFqcGc@._V1_.jpg"
"Warrior","Action,Drama,Sport","https://www.youtube.com/watch?v=I5kzcwcQA1Q","https://m.media-amazon.com/images/M/MV5BMTk4ODk5MTMyNV5BMl5BanBnXkFtZTcwMDMyNTg0Ng@@._V1_.jpg"
"Harry Potter and the Deathly Hallows: Part 2","Adventure,Family,Fantasy","https://www.youtube.com/watch?v=mObK5XD8udk","https://m.media-amazon.com/images/M/MV5BOTA1Mzc2N2ItZWRiNS00MjQzLTlmZDQtMjU0NmY1YWRkMGQ4XkEyXkFqcGc@._V1_.jpg"
"Gran Torino","Drama","https://www.youtube.com/watch?v=F8zue_BzNsw","https://m.media-amazon.com/images/M/MV5BMTc5NTk2OTU1Nl5BMl5BanBnXkFtZTcwMDc3NjAwMg@@._V1_.jpg"
"Million Dollar Baby","Drama,Sport","https://www.youtube.com/watch?v=shbZOZmoyF0","https://m.media-amazon.com/images/M/MV5BMTkxNzA1NDQxOV5BMl5BanBnXkFtZTcwNTkyMTIzMw@@._V1_.jpg"
"My Neighbor Totoro","Animation,Comedy,Family","https://www.youtube.com/watch?v=srW-wajSxog","https://m.media-amazon.com/images/M/MV5BYWM3MDE3YjEtMzIzZC00ODE5LTgxNTItNmUyMTBkM2M2NmNiXkEyXkFqcGc@._V1_.jpg"
"Mad Max: Fury Road","Action,Adventure,Sci-Fi","https://www.youtube.com/watch?v=YWNWi-ZWL3c","https://m.media-amazon.com/images/M/MV5BZDRkODJhOTgtOTc1OC00NTgzLTk4NjItNDgxZDY4YjlmNDY2XkEyXkFqcGc@._V1_.jpg"
"Spider-Man: No Way Home","Action,Adventure,Fantasy","https://www.youtube.com/watch?v=WgU7P6o-GkM","https://m.media-amazon.com/images/M/MV5BMmFiZGZjMmEtMTA0Ni00MzA2LTljMTYtZGI2MGJmZWYzZTQ2XkEyXkFqcGc@._V1_.jpg"
"Ben-Hur","Adventure,Drama","https://www.youtube.com/watch?v=f2y1gDeZ230","https://m.media-amazon.com/images/M/MV5BNjg2M2E1YzYtOThmMC00NjAyLWI5MzgtMDEwOGFiODdlOGUzXkEyXkFqcGc@._V1_.jpg"
"Barry Lyndon","Adventure,Drama,War","https://www.youtube.com/watch?v=9lzSoKOs1fc","https://m.media-amazon.com/images/M/MV5BNmM2MGQ5Y2UtYzA3ZC00ZDJlLTkwNDYtMjBmZGExZDJiN2RlXkEyXkFqcGc@._V1_.jpg"
"Children of Heaven","Drama,Family,Sport","https://www.youtube.com/watch?v=dqxvZeQsVzY","https://m.media-amazon.com/images/M/MV5BZWZlMjNhNzgtZGRhOS00Y2U5LThjOTctODNjZTI0ZTBiYzBhXkEyXkFqcGc@._V1_.jpg"
"Dead Poets Society","Comedy,Drama","https://www.youtube.com/watch?v=rLCJaTDdWtw","https://m.media-amazon.com/images/M/MV5BMDYwNGVlY2ItMWYxMS00YjZiLWE5MTAtYWM5NWQ2ZWJjY2Q3XkEyXkFqcGc@._V1_.jpg"
"12 Years a Slave","Biography,Drama,History","https://www.youtube.com/watch?v=z02Ie8wKKRg","https://m.media-amazon.com/images/M/MV5BMjExMTEzODkyN15BMl5BanBnXkFtZTcwNTU4NTc4OQ@@._V1_.jpg"
"Before Sunrise","Comedy,Drama,Romance","https://www.youtube.com/watch?v=jGvcbSabADM","https://m.media-amazon.com/images/M/MV5BZDZhZmI1ZTUtYWI3NC00NTMwLTk3NWMtNDc0OGNjM2I0ZjlmXkEyXkFqcGc@._V1_.jpg"
"The Grand Budapest Hotel","Comedy,Drama","https://www.youtube.com/watch?v=1Fg5iWmQjwk","https://m.media-amazon.com/images/M/MV5BMzM5NjUxOTEyMl5BMl5BanBnXkFtZTgwNjEyMDM0MDE@._V1_.jpg"
"Blade Runner","Action,Drama,Sci-Fi","https://www.youtube.com/watch?v=iYhJ7Mf2Oxs","https://m.media-amazon.com/images/M/MV5BOWQ4YTBmNTQtMDYxMC00NGFjLTkwOGQtNzdhNmY1Nzc1MzUxXkEyXkFqcGc@._V1_.jpg"
"Hacksaw Ridge","Biography,Drama,History","https://www.youtube.com/watch?v=s2-1hz1juBI","https://m.media-amazon.com/images/M/MV5BMjQ1NjM3MTUxNV5BMl5BanBnXkFtZTgwMDc5MTY5OTE@._V1_.jpg"
"Gone Girl","Drama,Mystery,Thriller","https://www.youtube.com/watch?v=2-_-1nJf8Vg","https://m.media-amazon.com/images/M/MV5BMTk0MDQ3MzAzOV5BMl5BanBnXkFtZTgwNzU1NzE3MjE@._V1_.jpg"
"Memories of Murder","Crime,Drama,Mystery","https://www.youtube.com/watch?v=pliylHilD_U","https://m.media-amazon.com/images/M/MV5BYmRjOWE5NmMtYTdkYS00ODFlLWJiMTMtYzE2NDZlZjlkZDQ0XkEyXkFqcGc@._V1_.jpg"
"Ratatouille","Adventure,Animation,Comedy","https://www.youtube.com/watch?v=-tNqfcZKn6k","https://m.media-amazon.com/images/M/MV5BMTMzODU0NTkxMF5BMl5BanBnXkFtZTcwMjQ4MzMzMw@@._V1_.jpg"
"In the Name of the Father","Biography,Crime,Drama","https://www.youtube.com/watch?v=H0ff5KjZ7vM","https://m.media-amazon.com/images/M/MV5BMGZiZDVjNzYtZWM4ZC00MzVkLThhNDEtMDJlOTBhYzVjMmNhXkEyXkFqcGc@._V1_.jpg"
"Monsters, Inc.","Adventure,Animation,Comedy","https://www.youtube.com/watch?v=6tCxnHCqqxg","https://m.media-amazon.com/images/M/MV5BMTY1NTI0ODUyOF5BMl5BanBnXkFtZTgwNTEyNjQ0MDE@._V1_.jpg"
"The Gold Rush","Adventure,Comedy,Drama","https://www.youtube.com/watch?v=kDlEvaKBkhU","https://m.media-amazon.com/images/M/MV5BNGU1NjYzYTAtZmY0YS00NWIzLTkzNzUtYzc2ZTIyOTIxZjVhXkEyXkFqcGc@._V1_.jpg"
"How to Train Your Dragon","Action,Adventure,Animation","https://www.youtube.com/watch?v=1huZhKwhIQc","https://m.media-amazon.com/images/M/MV5BMjA5NDQyMjc2NF5BMl5BanBnXkFtZTcwMjg5ODcyMw@@._V1_.jpg"
"Wild Tales","Comedy,Drama,Thriller","https://www.youtube.com/watch?v=Utq0aDEp084","https://m.media-amazon.com/images/M/MV5BNzAzMjA1ODAxOV5BMl5BanBnXkFtZTgwODg4NTQzNDE@._V1_.jpg"
"I'm Still Here","Biography,Drama,History","https://www.youtube.com/watch?v=gDunV808Yf4","https://m.media-amazon.com/images/M/MV5BM2FjMjBiZjgtZDkyYy00YTRlLTk5N2QtODE2ZWIyYWE0Yzg0XkEyXkFqcGc@._V1_.jpg"
"Sherlock Jr.","Action,Comedy,Romance","https://www.youtube.com/watch?v=JSEK1NUPrGA","https://m.media-amazon.com/images/M/MV5BMjQzM2E2NjYtYmRjMC00ZmVlLTljZTgtNmQ5MGZlNDYyZTc5XkEyXkFqcGc@._V1_.jpg"
"Jaws","Adventure,Drama,Horror","https://www.youtube.com/watch?v=YIhxgIZJSbk","https://m.media-amazon.com/images/M/MV5BYjViNDQzNmUtYzkxZi00NTk5LTljMmItYjJlZmZkODIxNjU1XkEyXkFqcGc@._V1_.jpg"
"Mary and Max","Animation,Comedy,Drama","https://www.youtube.com/watch?v=kGATShQbydk","https://m.media-amazon.com/images/M/MV5BNzY2Mjc4NjMtNGY4Mi00NzM5LTk3ZTQtN2VkNzVkMzRmM2Y2XkEyXkFqcGc@._V1_.jpg"
"The Deer Hunter","Drama,War","https://www.youtube.com/watch?v=g7q1SjVdsNk","https://m.media-amazon.com/images/M/MV5BZGI4YmVhMzMtMWExMS00MGZiLTg2MmItM2I2MWZjODAyM2U5XkEyXkFqcGc@._V1_.jpg"
"The General","Action,Adventure,Comedy","https://www.youtube.com/watch?v=rBWdhiOUyEw","https://m.media-amazon.com/images/M/MV5BMTVhM2Y1MDUtMDkxYi00Y2UxLWI2MTMtZjMzYTY4ODM4MGIzXkEyXkFqcGc@._V1_.jpg"
"Ford v Ferrari","Action,Biography,Drama","https://www.youtube.com/watch?v=zyYgDtY2AMY","https://m.media-amazon.com/images/M/MV5BOTBjNTEyNjYtYjdkNi00YzE5LTljYzUtZjVlYmYwZmJmZWYxXkEyXkFqcGc@._V1_.jpg"
"The Wages of Fear","Adventure,Drama,Thriller","https://www.youtube.com/watch?v=ZYDZ3vNa-MQ","https://m.media-amazon.com/images/M/MV5BMDdhOGMwODQtZGM2MS00NGQxLWEyZDMtOTkzMjFjYjI3ZmM2XkEyXkFqcGc@._V1_.jpg"
"On the Waterfront","Crime,Drama,Thriller","https://www.youtube.com/watch?v=boekTHsOIY8","https://m.media-amazon.com/images/M/MV5BZDJlYTM1ZGYtZTM4YS00MzFhLThiZjktYzQ0ZjAzMGYwZTU3XkEyXkFqcGc@._V1_.jpg"
"Mr. Smith Goes to Washington","Comedy,Drama","https://www.youtube.com/watch?v=0bWfK3VTYGY","https://m.media-amazon.com/images/M/MV5BMDU4ZjNmMjEtMjcxYi00NDAxLWFlMjQtNWIyNjg5NWUzNTdjXkEyXkFqcGc@._V1_.jpg"
"Wild Strawberries","Drama,Romance","https://www.youtube.com/watch?v=EwMgTyVbCS0","https://m.media-amazon.com/images/M/MV5BZWQ5MDllM2EtZWRmNS00MmZiLWI4ZWQtMjRiY2Q5MTAxODY4XkEyXkFqcGc@._V1_.jpg"
"Logan","Action,Drama,Sci-Fi","https://www.youtube.com/watch?v=Div0iP65aZo","https://m.media-amazon.com/images/M/MV5BM2JjODdkMGMtNmY2YS00OGM2LThiY2YtZGYyNzE4Nzc2ODA0XkEyXkFqcGc@._V1_.jpg"
"Rocky","Drama,Sport","https://www.youtube.com/watch?v=-Hk-LYcavrw","https://m.media-amazon.com/images/M/MV5BZDEyY2M2MGMtYjg5OC00ZWFjLWFkZDQtNmQzZTdiYmYzZTBkXkEyXkFqcGc@._V1_.jpg"
"The Third Man","Drama,Film-Noir,Mystery","https://www.youtube.com/watch?v=r9yyDEDGlr0","https://m.media-amazon.com/images/M/MV5BNTAwZjAwZDUtNDc1Yi00OGY3LTgzMjktYjIyMjQzOWE3MmVhXkEyXkFqcGc@._V1_.jpg"
"Tokyo Story","Drama","https://www.youtube.com/watch?v=5zEKw4VQIeY","https://m.media-amazon.com/images/M/MV5BODdkNzcxZjItMDU2Yy00Y2JlLWFkYTQtNzIwM2Q4MWU5MTU2XkEyXkFqcGc@._V1_.jpg"
"Maharaja","Action,Crime,Drama","https://www.youtube.com/watch?v=Otcr-vRuaQs","https://m.media-amazon.com/images/M/MV5BOTFlMTIxOGItZTk0Zi00MTk2LWJiM2UtMzlhZWYzNjQ4N2Y3XkEyXkFqcGc@._V1_.jpg"
"The Big Lebowski","Comedy,Crime","https://www.youtube.com/watch?v=cd-go0oBF4Y","https://m.media-amazon.com/images/M/MV5BY2E3OWQ5OWYtYTRkMC00NjVjLWIzZDQtNmRmM2ZiYTIyYmYxXkEyXkFqcGc@._V1_.jpg"
"Spotlight","Biography,Crime,Drama","https://www.youtube.com/watch?v=yXymzwz0V2g","https://m.media-amazon.com/images/M/MV5BMjIyOTM5OTIzNV5BMl5BanBnXkFtZTgwMDkzODE2NjE@._V1_.jpg"
"The Terminator","Action,Adventure,Sci-Fi","https://www.youtube.com/watch?v=nGrW-OR2uDk","https://m.media-amazon.com/images/M/MV5BZmE0YzIxM2QtMGNlMi00MjRmLWE3MWMtOWQzMGVjMmU0YTFmXkEyXkFqcGc@._V1_.jpg"
"The Seventh Seal","Drama,Fantasy","https://www.youtube.com/watch?v=vZucwtdSvJ8","https://m.media-amazon.com/images/M/MV5BZDlmYTkzOWUtODQ0MS00MmM4LWE3ZjMtYTEwNGUwMmJkYzIxXkEyXkFqcGc@._V1_.jpg"
"Room","Drama,Thriller","https://www.youtube.com/watch?v=6C6fZ-fwDws","https://m.media-amazon.com/images/M/MV5BMjE4NzgzNzEwMl5BMl5BanBnXkFtZTgwMTMzMDE0NjE@._V1_.jpg"
"Pirates of the Caribbean: The Curse of the Black Pearl","Action,Adventure,Fantasy","https://www.youtube.com/watch?v=naQr0uTrH_s","https://m.media-amazon.com/images/M/MV5BNDhlMzEyNzItMTA5Mi00YWRhLThlNTktYTQyMTA0MDIyNDEyXkEyXkFqcGc@._V1_.jpg"
"Jai Bhim","Crime,Drama","None","https://m.media-amazon.com/images/M/MV5BZjEyNDIzNmEtMjdkYS00ZDAwLTljOWYtNDRhYTVhYTlmOTk1XkEyXkFqcGc@._V1_.jpg"
"La haine","Crime,Drama","https://www.youtube.com/watch?v=FKwcXt3JIaU","https://m.media-amazon.com/images/M/MV5BMThlMDA3NDYtZGM2Zi00NmJhLThlYWItZjViZTkzZWU1ZWRiXkEyXkFqcGc@._V1_.jpg"
"Hotel Rwanda","Biography,Drama,History","https://www.youtube.com/watch?v=2x8UzELvKlY","https://m.media-amazon.com/images/M/MV5BY2FmMWRmZmQtN2IzMS00OGVmLWFmNjktMTM0YWQzODcwYTEwXkEyXkFqcGc@._V1_.jpg"
"Platoon","Drama,War","https://www.youtube.com/watch?v=R8weLPF4qBQ","https://m.media-amazon.com/images/M/MV5BZjE4YjllODAtZGMxZS00Mjg2LThkOWUtZjNkMjQ5YThiNDU4XkEyXkFqcGc@._V1_.jpg"
"The Best Years of Our Lives","Drama,Romance,War","https://www.youtube.com/watch?v=X9lufYAOxes","https://m.media-amazon.com/images/M/MV5BNTgxMzUyODQtMDJmZC00ZGMyLWI3MzAtZTYwYjBjZjFmMzIxXkEyXkFqcGc@._V1_.jpg"
"Before Sunset","Drama,Romance","https://www.youtube.com/watch?v=jx0UWbMMZOQ","https://m.media-amazon.com/images/M/MV5BMTQ1MjAwNTM5Ml5BMl5BanBnXkFtZTYwNDM0MTc3._V1_.jpg"
"The Exorcist","Horror","https://www.youtube.com/watch?v=BU2eYAO31Cc","https://m.media-amazon.com/images/M/MV5BZjg3YjE4ZjAtYTdmYS00ZTBkLWE1ZjgtNzAzODUwNzRiYjlmXkEyXkFqcGc@._V1_.jpg"
"The Passion of Joan of Arc","Biography,Drama,History","https://www.youtube.com/watch?v=Iz3XmfNzrNs","https://m.media-amazon.com/images/M/MV5BNTE1MDliZjgtYTU2Yy00YjAxLTljYTItNDE2ZGYwYTY1MGQ1XkEyXkFqcGc@._V1_.jpg"
"The Wizard of Oz","Adventure,Family,Fantasy","https://www.youtube.com/watch?v=FfpF8UUVTeM","https://m.media-amazon.com/images/M/MV5BYWRmY2I0MGItYTQ0OC00NWZmLWIwMDktYjJlNDc0MzVhMmViXkEyXkFqcGc@._V1_.jpg"
"The Sound of Music","Biography,Drama,Family","https://www.youtube.com/watch?v=ygyK0HStjwg","https://m.media-amazon.com/images/M/MV5BYWJhYmU4MjQtZDJhYi00ZGVjLTlkNTEtNzkzNGVjOWQ3MjcwXkEyXkFqcGc@._V1_.jpg"
"The Incredibles","Action,Adventure,Animation","https://www.youtube.com/watch?v=sZwWCrFNfzQ","https://m.media-amazon.com/images/M/MV5BMTY5OTU0OTc2NV5BMl5BanBnXkFtZTcwMzU4MDcyMQ@@._V1_.jpg"
"Rush","Biography,Drama,Sport","https://www.youtube.com/watch?v=9ZJqxgR-5Xc","https://m.media-amazon.com/images/M/MV5BMTZhOGQxM2ItNGQyYy00YzE5LWI5MjMtNmMzNGQzNDE1OTUzXkEyXkFqcGc@._V1_.jpg"
"Hachi: A Dog's Tale","Biography,Drama,Family","https://www.youtube.com/watch?v=Y6U7mAnPtw4","https://m.media-amazon.com/images/M/MV5BNTU5NjYyYTgtZGQ3My00MzRhLThjNGYtZmVjN2JjYjhkMjhhXkEyXkFqcGc@._V1_.jpg"
"Stand by Me","Adventure,Comedy,Drama","https://www.youtube.com/watch?v=Ao9AI1pLeG0","https://m.media-amazon.com/images/M/MV5BNGJkNTUwM2MtZWE2MS00YjNkLWE3MjktNWQwZDQxMDIyZWVmXkEyXkFqcGc@._V1_.jpg"
"My Father and My Son","Drama,Family","https://www.youtube.com/watch?v=KTmrUXNxwWI","https://m.media-amazon.com/images/M/MV5BZDE3MTBkNmQtNGFjMC00YTcwLWExY2ItN2MyMGZkNWJlMmFmXkEyXkFqcGc@._V1_.jpg"
"Network","Drama","https://www.youtube.com/watch?v=xxajGBZeQZc","https://m.media-amazon.com/images/M/MV5BY2E4ZGJiNTMtZTAxZC00MmVlLWI1NjYtMGVhMjhkOGEwZDhjXkEyXkFqcGc@._V1_.jpg"
"The Iron Giant","Action,Adventure,Animation","https://www.youtube.com/watch?v=obLtyj8hfFk","https://m.media-amazon.com/images/M/MV5BODM4ZjZjMGEtYmFiMy00MThjLWIzZjUtMDU0ODg1NTI2MzIwXkEyXkFqcGc@._V1_.jpg"
"The Handmaiden","Drama,Romance,Thriller","https://www.youtube.com/watch?v=6sVYumzrKvs","https://m.media-amazon.com/images/M/MV5BOTllZDI1OGItOGUxNS00OGZhLWIzMjAtYzllZTY1YTA0ZmYwXkEyXkFqcGc@._V1_.jpg"
"To Be or Not to Be","Comedy,Romance,War","https://www.youtube.com/watch?v=4b-dIMd9hFo","https://m.media-amazon.com/images/M/MV5BN2YwNDE4MjQtZjJlOS00ZjIwLWE3YjgtNmZkYWM3N2JmMWM3XkEyXkFqcGc@._V1_.jpg"
"The Battle of Algiers","Drama,War","https://www.youtube.com/watch?v=vhhoS3zOskE","https://m.media-amazon.com/images/M/MV5BMTY2Mjk0OGEtYTM3Yy00ZWZiLWFhNjAtNGExMjEzNGVmMDMxXkEyXkFqcGc@._V1_.jpg"
"The Grapes of Wrath","Drama","https://www.youtube.com/watch?v=e8C_eK2ra3s","https://m.media-amazon.com/images/M/MV5BZDgzZjk3OGYtNWI2Ny00MDg3LTgwYWEtNjI1ODAxNjA3ZmFlXkEyXkFqcGc@._V1_.jpg"
"Into the Wild","Adventure,Biography,Drama","https://www.youtube.com/watch?v=g7ArZ7VD-QQ","https://m.media-amazon.com/images/M/MV5BNTgwZTJhNWMtNzVjMy00YzQzLWI4MTAtYmJhOGQ5ZmQ3MDM0XkEyXkFqcGc@._V1_.jpg"
"A Silent Voice: The Movie","Animation,Drama","https://www.youtube.com/watch?v=twUSlecQpGQ","https://m.media-amazon.com/images/M/MV5BOTFiNzRiOWEtYTQwNy00NmRiLWE0ZWYtNTE0YjExZjFmZjkwXkEyXkFqcGc@._V1_.jpg"
"Groundhog Day","Comedy,Drama,Fantasy","https://www.youtube.com/watch?v=_ADlbEQG_VA","https://m.media-amazon.com/images/M/MV5BOWE3MjQ3ZDAtNDQ2MC00YjBjLTk0ZWYtNjQ0YzQ4YWE3YTEyXkEyXkFqcGc@._V1_.jpg"
"Demon Slayer: Kimetsu no Yaiba - Tsuzumi Mansion Arc","Action,Animation,Fantasy","None","https://m.media-amazon.com/images/M/MV5BZjQzYWUzMWYtMWNmMi00ZDYxLTgzYmItN2NjYTY2YWEyMzNlXkEyXkFqcGc@._V1_.jpg"
"The Help","Drama","https://www.youtube.com/watch?v=3eajzW3XW7Q","https://m.media-amazon.com/images/M/MV5BMTM5OTMyMjIxOV5BMl5BanBnXkFtZTcwNzU4MjIwNQ@@._V1_.jpg"
"Amores Perros","Drama,Thriller","https://www.youtube.com/watch?v=A5HTBYR7m0o","https://m.media-amazon.com/images/M/MV5BMmUzNDI1MDYtNmIxNC00NjczLTk0ZDEtYWFkZDcxMWVhYTEwXkEyXkFqcGc@._V1_.jpg"
"Rebecca","Drama,Mystery,Romance","https://www.youtube.com/watch?v=cJok8CPtHRw","https://m.media-amazon.com/images/M/MV5BYTI0MjUyODAtZTBkNC00MmIwLWFlNmYtMWE3ZmJlOWJjM2QyXkEyXkFqcGc@._V1_.jpg"